,spectral_clustering,normalized_spectral_clustering,louvain,mst_cut_clustering
,ARI,ARI,ARI,ARI
k,,,,
2,0.9080623562529285,0.9907463647090191,0.7819268699608071,0.978134911439101
3,0.9847703113344827,0.9421326846324891,0.855369114758792,0.9939398629850302
4,0.9895865896619612,0.8073556392402527,0.8417413765708827,0.9916755041680101
5,0.9830843221684493,0.7476380807324093,0.8404941244640796,0.9731360483775902
6,0.9803506952905812,0.7548398143275975,0.843125284755331,0.9500284110608175
7,0.9795394936858838,0.6590397735332183,0.8474985610214923,0.8910955741531122
